order_id,customer_id,product_id,quantity,unit_price,order_date,status
,CUST-082,PROD-008,1,372.07,2025-12-12,cancelled
ORD-0002,CUST-029,PROD-009,2,339.97,2025-05-21,completed
ORD-0003,CUST-076,PROD-028,1,19.75,2025-04-17,cancelled
ORD-0004,CUST-030,PROD-033,10,18.14,2026-01-20,cancelled
ORD-0005,CUST-092,PROD-042,9,212.66,2025-07-23,refunded
ORD-0006,CUST-076,PROD-018,1,380.61,2025-07-12,cancelled
ORD-0007,CUST-090,PROD-028,6,142.55,2025-07-03,cancelled
ORD-0008,CUST-098,PROD-022,2,50.91,2025-06-01,completed
ORD-0009,CUST-046,PROD-023,10,135.94,2026-01-19,completed
ORD-0010,CUST-094,PROD-030,9,66.79,2025-05-17,refunded
ORD-0011,CUST-011,PROD-036,5,415.56,2025-12-26,pending
ORD-0012,CUST-074,PROD-013,2,27.68,2026-01-20,cancelled
ORD-0013,CUST-099,PROD-019,2,428.38,2026-03-20,completed
ORD-0014,CUST-049,PROD-018,8,319.66,2025-11-05,pending
ORD-0015,CUST-021,PROD-024,6,108.71,2025-05-11,pending
ORD-0016,CUST-090,PROD-044,2,306.52,2025-11-23,cancelled
ORD-0017,CUST-069,PROD-047,4,85.88,2025-09-18,refunded
ORD-0018,CUST-035,PROD-041,9,113.71,2025-04-20,pending
ORD-0019,CUST-099,PROD-050,1,118.38,2025-04-19,completed
ORD-0020,CUST-041,PROD-026,5,37.76,2025-05-14,pending
ORD-0021,CUST-028,PROD-042,8,200.84,2025-07-01,refunded
ORD-0022,CUST-019,PROD-017,3,127.08,2025-07-07,pending
ORD-0023,CUST-096,PROD-038,7,449.42,2025-10-21,refunded
ORD-0024,CUST-047,PROD-015,3,257.22,2025-11-27,completed
ORD-0025,CUST-097,PROD-004,2,80.66,2025-04-18,cancelled
ORD-0026,CUST-088,PROD-028,10,36.45,2025-11-11,refunded
ORD-0027,CUST-077,PROD-030,9,129.45,2025-06-24,completed
ORD-0028,CUST-088,PROD-047,2,342.45,2026-01-11,pending
ORD-0029,CUST-099,PROD-042,6,60.22,2025-12-16,refunded
ORD-0030,CUST-021,PROD-030,1,477.14,2026-01-05,pending
ORD-0031,CUST-065,PROD-049,3,256.3,2025-11-05,completed
ORD-0032,CUST-081,PROD-020,9,306.44,2025-09-17,cancelled
ORD-0033,CUST-048,PROD-049,3,271.99,2025-07-02,completed
ORD-0034,CUST-077,PROD-021,8,14.64,2025-09-29,pending
ORD-0035,CUST-040,PROD-016,1,124.23,2025-11-22,completed
ORD-0036,CUST-011,PROD-047,8,408.93,2025-07-25,cancelled
,CUST-017,PROD-043,8,473.69,2026-02-16,cancelled
ORD-0038,CUST-034,PROD-034,10,214.45,2026-03-11,cancelled
ORD-0039,CUST-070,PROD-049,4,357.91,2025-04-10,refunded
ORD-0040,CUST-086,PROD-042,6,221.86,2026-01-27,refunded
ORD-0041,CUST-016,PROD-016,4,36.69,2026-02-14,completed
ORD-0042,CUST-076,PROD-036,4,296.28,2025-06-09,completed
ORD-0043,CUST-010,PROD-046,1,118.33,2026-01-04,completed
ORD-0044,CUST-043,PROD-005,9,122.81,2025-09-19,refunded
ORD-0045,CUST-028,PROD-035,3,363.06,2025-08-18,refunded
ORD-0046,CUST-032,PROD-031,7,99.25,2025-07-24,completed
ORD-0047,CUST-085,PROD-028,6,214.67,2025-06-07,refunded
ORD-0048,CUST-094,PROD-004,2,35.0,2025-06-30,pending
ORD-0049,CUST-014,PROD-016,4,99.15,2026-01-29,refunded
ORD-0050,CUST-018,PROD-028,3,142.88,2025-08-16,cancelled
ORD-0051,CUST-010,PROD-029,9,53.46,2025-05-17,completed
ORD-0052,CUST-012,PROD-049,4,87.32,2025-05-14,refunded
ORD-0053,CUST-062,PROD-014,7,451.71,2025-09-02,cancelled
ORD-0054,CUST-049,PROD-001,7,136.28,2025-05-15,refunded
ORD-0055,CUST-037,PROD-028,9,332.63,2025-08-25,refunded
ORD-0056,CUST-020,PROD-013,5,112.76,2026-03-03,completed
ORD-0057,CUST-075,PROD-048,9,35.17,2025-08-19,pending
ORD-0058,CUST-008,PROD-004,10,241.01,2025-11-28,cancelled
ORD-0059,CUST-008,PROD-033,2,426.41,2025-07-19,completed
ORD-0060,CUST-077,PROD-005,4,204.87,2026-02-15,cancelled
ORD-0061,CUST-075,PROD-039,1,311.59,2025-04-24,refunded
ORD-0062,CUST-085,PROD-038,10,263.78,2026-01-16,pending
ORD-0063,CUST-027,PROD-043,6,123.15,2025-10-03,refunded
ORD-0064,CUST-017,PROD-043,5,231.33,2025-11-02,completed
ORD-0065,CUST-002,PROD-030,10,499.23,2025-05-26,completed
ORD-0066,CUST-010,PROD-035,4,255.41,2026-04-01,cancelled
ORD-0067,CUST-045,PROD-005,4,187.92,2025-09-02,cancelled
ORD-0068,CUST-057,PROD-035,5,307.78,2025-05-08,completed
ORD-0069,CUST-086,PROD-036,5,466.22,2025-11-08,completed
ORD-0070,CUST-018,PROD-017,2,445.41,2025-07-30,cancelled
ORD-0071,CUST-035,PROD-019,10,109.26,2026-02-24,pending
ORD-0072,CUST-027,PROD-044,5,255.18,2025-12-08,pending
ORD-0073,CUST-007,PROD-006,7,415.53,2025-12-04,completed
ORD-0074,CUST-001,PROD-022,3,320.37,2026-03-17,pending
ORD-0075,CUST-021,PROD-048,8,278.08,2026-03-08,refunded
ORD-0076,CUST-072,PROD-001,2,42.25,2025-08-26,cancelled
ORD-0077,CUST-070,PROD-003,6,293.34,2025-11-18,cancelled
ORD-0078,CUST-056,PROD-009,1,157.59,2025-06-21,completed
ORD-0079,CUST-046,PROD-014,4,335.13,2026-01-06,pending
ORD-0080,CUST-100,PROD-036,7,487.05,2025-05-05,cancelled
ORD-0081,CUST-031,PROD-011,3,441.3,2025-04-25,completed
ORD-0082,CUST-023,PROD-048,6,392.28,2025-12-20,refunded
ORD-0083,CUST-086,PROD-048,4,137.07,2025-07-05,completed
ORD-0084,CUST-049,PROD-003,8,115.1,2026-02-02,refunded
ORD-0085,CUST-045,PROD-020,4,115.35,2025-07-29,cancelled
ORD-0086,CUST-052,PROD-022,5,432.85,2025-05-08,pending
ORD-0087,CUST-045,PROD-042,9,202.84,2026-03-06,pending
ORD-0088,CUST-004,PROD-008,5,93.39,2025-07-07,pending
ORD-0089,CUST-005,PROD-007,10,-99.0,2026-03-10,pending
ORD-0090,CUST-056,PROD-039,9,62.24,2025-05-17,cancelled
ORD-0091,CUST-033,PROD-003,7,5.84,2025-09-02,cancelled
ORD-0092,CUST-047,PROD-028,2,474.69,2025-07-24,pending
ORD-0093,CUST-080,PROD-021,2,361.28,2025-10-01,pending
ORD-0094,CUST-065,PROD-020,7,166.46,2025-12-10,pending
ORD-0095,CUST-071,PROD-009,4,213.12,2026-02-25,refunded
ORD-0096,CUST-087,PROD-048,3,309.68,2025-08-27,pending
ORD-0097,CUST-052,PROD-036,1,155.42,2025-06-10,cancelled
ORD-0098,CUST-056,PROD-038,10,329.08,2025-08-29,refunded
ORD-0099,CUST-057,PROD-029,4,258.03,2025-08-23,cancelled
ORD-0100,CUST-085,PROD-006,5,260.15,2025-06-28,pending
ORD-0101,CUST-012,PROD-049,4,338.03,2025-12-24,cancelled
ORD-0102,CUST-026,PROD-010,1,27.88,2025-07-20,refunded
ORD-0103,CUST-079,PROD-050,2,230.43,2026-01-05,cancelled
ORD-0104,CUST-092,PROD-045,7,249.72,2026-04-06,cancelled
ORD-0105,CUST-019,PROD-042,1,446.87,2025-12-29,completed
ORD-0106,CUST-100,PROD-028,4,92.06,2025-12-15,refunded
ORD-0107,CUST-007,PROD-036,4,459.15,2025-05-05,completed
ORD-0108,CUST-059,PROD-009,8,335.45,2025-11-30,pending
ORD-0109,CUST-097,PROD-029,10,408.43,2025-12-10,refunded
ORD-0110,CUST-071,PROD-029,3,373.11,2025-06-13,refunded
ORD-0111,CUST-058,PROD-017,4,420.73,2025-11-01,pending
ORD-0112,CUST-099,PROD-050,9,244.88,2026-01-16,cancelled
ORD-0113,CUST-036,PROD-029,2,358.2,2025-07-12,cancelled
ORD-0114,CUST-035,PROD-022,6,447.05,2025-06-10,completed
ORD-0115,CUST-018,PROD-010,4,194.6,2025-10-04,cancelled
ORD-0116,CUST-091,PROD-014,2,210.36,2025-09-02,pending
ORD-0117,CUST-070,PROD-030,7,35.82,2025-07-21,refunded
ORD-0118,CUST-050,PROD-050,10,473.3,2026-04-02,completed
ORD-0119,CUST-098,PROD-037,7,241.1,2025-12-12,pending
ORD-0120,CUST-039,PROD-049,7,427.46,2025-12-31,refunded
ORD-0121,CUST-069,PROD-048,9,400.93,2025-11-10,cancelled
ORD-0122,CUST-063,PROD-015,5,220.74,2025-07-02,completed
ORD-0123,CUST-050,PROD-022,7,363.47,2025-12-29,refunded
ORD-0124,CUST-017,PROD-040,9,18.35,2025-08-11,refunded
ORD-0125,CUST-076,PROD-037,1,46.55,2026-03-01,refunded
ORD-0126,CUST-018,PROD-030,3,29.89,2026-01-31,refunded
ORD-0127,CUST-042,PROD-014,8,166.79,2026-02-03,refunded
ORD-0128,CUST-036,PROD-049,7,129.87,2025-04-29,completed
ORD-0129,CUST-061,PROD-002,9,30.78,2025-07-05,pending
ORD-0130,CUST-029,PROD-042,2,391.71,2026-02-21,completed
ORD-0131,CUST-097,PROD-002,4,103.68,2025-04-20,completed
ORD-0132,CUST-080,PROD-010,4,67.48,2026-02-14,completed
ORD-0133,CUST-073,PROD-014,8,351.24,2025-08-08,pending
ORD-0134,CUST-022,PROD-039,10,482.05,2025-09-10,completed
ORD-0135,CUST-100,PROD-011,5,58.51,2025-07-20,completed
ORD-0136,CUST-040,PROD-037,7,201.34,2025-05-03,cancelled
ORD-0137,CUST-010,PROD-038,4,55.44,2025-06-28,pending
ORD-0138,CUST-088,PROD-039,2,399.13,2026-03-28,completed
ORD-0139,CUST-045,PROD-035,7,332.45,2025-11-14,completed
ORD-0140,CUST-065,PROD-042,6,11.26,2026-03-14,refunded
ORD-0141,CUST-063,PROD-007,7,480.59,2026-01-11,refunded
ORD-0142,CUST-091,PROD-010,7,92.19,2025-08-08,pending
ORD-0143,CUST-079,PROD-035,8,235.11,2025-06-29,pending
ORD-0144,CUST-042,PROD-016,2,143.07,2025-12-18,refunded
ORD-0145,CUST-032,PROD-049,8,287.08,2025-10-18,refunded
ORD-0146,CUST-044,PROD-002,8,426.22,2025-09-08,cancelled
ORD-0147,CUST-063,PROD-014,6,399.93,2026-03-17,pending
ORD-0148,CUST-036,PROD-039,5,280.12,2026-03-29,cancelled
ORD-0149,CUST-011,PROD-016,7,246.85,2025-12-13,cancelled
ORD-0150,CUST-089,PROD-031,8,226.85,2025-10-03,completed
ORD-0151,CUST-012,PROD-019,4,205.18,2025-06-02,cancelled
ORD-0152,CUST-040,PROD-043,10,187.67,2025-07-19,pending
ORD-0153,CUST-055,PROD-048,9,168.74,2025-06-01,refunded
ORD-0154,CUST-035,PROD-020,5,119.12,2025-07-12,cancelled
ORD-0155,CUST-041,PROD-008,9,475.68,2026-01-22,cancelled
ORD-0156,CUST-025,PROD-014,8,141.87,2025-11-12,pending
ORD-0157,CUST-013,PROD-013,5,117.6,2025-11-03,cancelled
ORD-0158,CUST-039,PROD-001,9,67.66,2025-07-19,completed
ORD-0159,CUST-007,PROD-036,5,350.22,2026-01-23,cancelled
ORD-0160,CUST-082,PROD-049,8,55.78,2025-11-21,completed
ORD-0161,CUST-074,PROD-019,8,241.96,2025-09-21,pending
,CUST-024,PROD-004,5,470.83,2026-03-22,refunded
ORD-0163,CUST-015,PROD-005,7,248.41,2025-11-20,completed
ORD-0164,CUST-020,PROD-010,10,474.82,2025-09-10,completed
ORD-0165,CUST-032,PROD-008,9,383.4,2025-08-26,cancelled
ORD-0166,CUST-100,PROD-034,7,228.0,2025-07-02,refunded
ORD-0167,CUST-039,PROD-038,7,156.16,2025-05-31,completed
ORD-0168,CUST-079,PROD-048,2,474.06,2025-10-22,cancelled
ORD-0169,CUST-081,PROD-014,5,331.91,2025-10-16,cancelled
ORD-0170,CUST-031,PROD-012,9,42.16,2025-05-13,completed
ORD-0171,CUST-053,PROD-029,10,237.61,2026-01-26,completed
ORD-0172,CUST-030,PROD-019,5,352.98,2025-04-26,refunded
ORD-0173,CUST-010,PROD-044,4,462.34,2026-03-08,cancelled
,CUST-055,PROD-008,9,116.28,2025-05-20,cancelled
ORD-0175,CUST-035,PROD-010,2,34.52,2025-06-06,pending
ORD-0176,CUST-077,PROD-048,10,460.99,2025-12-07,refunded
ORD-0177,CUST-016,PROD-030,5,351.37,2025-06-09,pending
ORD-0178,CUST-065,PROD-035,8,221.69,2026-02-09,completed
ORD-0179,CUST-056,PROD-048,6,303.84,2025-12-28,completed
ORD-0180,CUST-012,PROD-015,10,295.63,2025-09-18,completed
ORD-0181,CUST-098,PROD-044,5,290.24,2025-11-25,cancelled
ORD-0182,CUST-061,PROD-034,8,458.46,2025-05-02,cancelled
ORD-0183,CUST-075,PROD-028,8,484.68,2025-09-04,refunded
ORD-0184,CUST-045,PROD-027,6,163.92,2025-09-03,completed
ORD-0185,CUST-021,PROD-022,7,348.37,2025-11-25,pending
ORD-0186,CUST-085,PROD-026,9,23.17,2025-10-06,completed
ORD-0187,CUST-041,PROD-017,6,62.38,2025-10-30,refunded
ORD-0188,CUST-066,PROD-001,9,233.68,2025-07-14,completed
ORD-0189,CUST-025,PROD-034,6,313.2,2025-11-08,refunded
ORD-0190,CUST-081,PROD-029,1,105.76,2026-03-08,cancelled
ORD-0191,CUST-037,PROD-029,8,65.11,2025-04-12,cancelled
ORD-0192,CUST-091,PROD-011,5,277.67,2025-12-28,refunded
ORD-0193,CUST-012,PROD-015,2,233.42,2026-01-12,completed
ORD-0194,CUST-083,PROD-010,8,466.66,2025-05-22,pending
ORD-0195,CUST-066,PROD-046,5,210.67,2025-12-28,refunded
ORD-0196,CUST-061,PROD-016,8,277.88,2026-03-17,refunded
ORD-0197,CUST-025,PROD-039,9,374.41,2025-11-02,cancelled
ORD-0198,CUST-009,PROD-018,7,173.24,2026-01-24,pending
ORD-0199,CUST-001,PROD-019,5,419.55,2025-07-20,refunded
ORD-0200,CUST-020,PROD-029,9,244.75,2026-01-31,pending
ORD-0201,CUST-071,PROD-049,9,191.72,2025-12-12,pending
ORD-0202,CUST-025,PROD-045,4,288.04,2025-08-18,cancelled
ORD-0203,CUST-100,PROD-027,1,162.5,2025-05-21,refunded
ORD-0204,CUST-091,PROD-025,7,494.26,2025-07-30,cancelled
ORD-0205,CUST-064,PROD-003,3,253.63,2025-09-23,pending
ORD-0206,CUST-013,PROD-029,2,265.35,2025-06-08,refunded
ORD-0207,CUST-002,PROD-047,3,207.94,2025-10-01,cancelled
ORD-0208,CUST-010,PROD-031,5,172.59,2025-04-09,refunded
ORD-0209,CUST-084,PROD-006,6,426.91,2026-01-13,refunded
ORD-0210,CUST-041,PROD-041,8,436.83,2026-03-14,completed
ORD-0211,CUST-080,PROD-005,4,317.42,2026-01-12,pending
ORD-0212,CUST-030,PROD-048,2,219.82,2025-07-19,completed
ORD-0213,CUST-098,PROD-041,2,224.62,2025-10-19,pending
ORD-0214,CUST-004,PROD-003,6,399.09,2026-01-28,pending
ORD-0215,CUST-046,PROD-024,7,77.06,2025-06-16,refunded
ORD-0216,CUST-073,PROD-044,3,89.14,2025-10-22,completed
ORD-0217,CUST-079,PROD-025,10,343.15,2026-03-28,refunded
ORD-0218,CUST-075,PROD-010,4,233.27,2025-05-19,pending
ORD-0219,CUST-059,PROD-017,1,449.96,2026-03-12,refunded
ORD-0220,CUST-037,PROD-044,9,83.2,2025-12-06,refunded
ORD-0221,CUST-045,PROD-038,5,321.27,2025-08-01,refunded
ORD-0222,CUST-089,PROD-017,8,423.43,2026-02-28,cancelled
ORD-0223,CUST-050,PROD-031,2,122.42,2025-12-12,pending
ORD-0224,CUST-074,PROD-019,5,15.86,2025-10-22,refunded
ORD-0225,CUST-036,PROD-001,10,433.21,2025-11-30,completed
ORD-0226,CUST-078,PROD-048,8,417.26,2025-06-24,pending
ORD-0227,CUST-100,PROD-015,10,401.96,2025-06-06,cancelled
ORD-0228,CUST-082,PROD-013,10,129.06,2025-08-31,cancelled
ORD-0229,CUST-081,PROD-007,1,157.92,2026-01-29,refunded
ORD-0230,CUST-005,PROD-038,6,367.52,2025-06-09,completed
ORD-0231,CUST-038,PROD-021,7,91.94,2025-11-03,cancelled
ORD-0232,CUST-070,PROD-024,9,253.39,2026-02-04,pending
ORD-0233,CUST-022,PROD-017,8,483.86,2026-04-01,pending
ORD-0234,CUST-096,PROD-022,2,236.82,2025-10-30,completed
ORD-0235,CUST-019,PROD-049,4,430.77,2026-03-30,refunded
ORD-0236,CUST-072,PROD-024,2,396.39,2025-04-08,completed
ORD-0237,CUST-034,PROD-035,2,230.12,2025-11-26,pending
ORD-0238,CUST-075,PROD-025,6,58.63,2025-08-11,cancelled
ORD-0239,CUST-061,PROD-002,10,442.7,2025-10-14,pending
ORD-0240,CUST-079,PROD-015,2,319.52,2025-04-15,refunded
ORD-0241,CUST-090,PROD-020,7,62.75,2025-05-21,completed
ORD-0242,CUST-005,PROD-020,8,62.48,2026-04-03,cancelled
ORD-0243,CUST-069,PROD-009,7,229.55,2025-08-26,refunded
ORD-0244,CUST-076,PROD-048,3,443.28,2026-03-15,completed
,CUST-063,PROD-040,7,469.83,2026-02-24,pending
ORD-0246,CUST-005,PROD-045,6,112.55,2026-02-15,refunded
ORD-0247,CUST-031,PROD-024,2,490.56,2025-08-05,pending
ORD-0248,CUST-070,PROD-042,6,34.97,2025-07-09,pending
ORD-0249,CUST-025,PROD-008,8,50.38,2025-04-30,cancelled
ORD-0250,CUST-083,PROD-041,10,485.69,2025-07-10,completed
ORD-0251,CUST-043,PROD-016,3,394.55,2026-03-14,cancelled
ORD-0252,CUST-009,PROD-049,9,107.54,2025-11-14,cancelled
ORD-0253,CUST-030,PROD-022,3,395.38,2025-05-08,completed
ORD-0254,CUST-036,PROD-010,3,272.41,2025-05-11,cancelled
ORD-0255,CUST-015,PROD-043,1,70.24,2026-01-17,pending
ORD-0256,CUST-031,PROD-038,6,12.81,2025-10-13,pending
ORD-0257,CUST-007,PROD-009,7,265.41,2026-02-18,completed
ORD-0258,CUST-061,PROD-029,6,259.05,2025-05-04,completed
ORD-0259,CUST-058,PROD-033,4,472.98,2026-01-28,completed
ORD-0260,CUST-094,PROD-043,9,154.31,2025-10-31,completed
ORD-0261,CUST-008,PROD-031,7,216.01,2026-01-30,completed
ORD-0262,CUST-063,PROD-046,8,41.38,2025-05-26,completed
ORD-0263,CUST-042,PROD-039,3,37.51,2025-05-27,pending
ORD-0264,CUST-080,PROD-041,10,276.44,2025-12-20,pending
ORD-0265,CUST-049,PROD-039,9,150.97,2025-10-09,refunded
ORD-0266,CUST-013,PROD-045,2,427.13,2025-11-07,cancelled
ORD-0267,CUST-056,PROD-029,4,209.84,2025-06-11,refunded
ORD-0268,CUST-052,PROD-027,2,159.71,2025-07-19,pending
ORD-0269,CUST-086,PROD-017,6,477.03,2025-10-29,refunded
ORD-0270,CUST-009,PROD-006,2,51.15,2026-03-12,completed
ORD-0271,CUST-096,PROD-048,6,406.83,2025-11-29,completed
ORD-0272,CUST-076,PROD-036,9,168.17,2025-09-19,completed
ORD-0273,CUST-053,PROD-023,7,434.71,2025-06-29,completed
ORD-0274,CUST-037,PROD-039,5,179.06,2026-04-03,cancelled
ORD-0275,CUST-020,PROD-043,8,116.0,2025-11-03,completed
ORD-0276,CUST-045,PROD-036,6,61.87,2026-01-26,pending
ORD-0277,CUST-074,PROD-015,7,423.35,2026-01-16,completed
ORD-0278,CUST-078,PROD-043,5,19.33,2025-12-31,pending
ORD-0279,CUST-090,PROD-049,5,461.16,2025-06-25,pending
ORD-0280,CUST-001,PROD-012,3,285.33,2026-01-09,refunded
ORD-0281,CUST-009,PROD-010,1,50.42,2025-08-07,cancelled
ORD-0282,CUST-049,PROD-027,8,173.74,2025-09-09,pending
ORD-0283,CUST-040,PROD-047,6,-99.0,2025-12-24,completed
ORD-0284,CUST-007,PROD-010,3,378.45,2025-12-16,completed
ORD-0285,CUST-087,PROD-006,5,224.34,2025-08-31,refunded
ORD-0286,CUST-063,PROD-039,8,210.02,2025-09-25,cancelled
ORD-0287,CUST-097,PROD-033,2,175.86,2026-03-23,completed
ORD-0288,CUST-037,PROD-044,10,245.88,2025-10-26,pending
ORD-0289,CUST-006,PROD-015,7,492.3,2025-09-30,completed
ORD-0290,CUST-001,PROD-014,5,472.94,2025-05-24,cancelled
ORD-0291,CUST-098,PROD-017,5,167.42,2025-07-13,completed
ORD-0292,CUST-064,PROD-048,7,91.97,2025-07-04,refunded
ORD-0293,CUST-069,PROD-046,4,252.63,2025-05-02,pending
ORD-0294,CUST-010,PROD-026,1,220.93,2025-08-17,refunded
ORD-0295,CUST-010,PROD-021,10,217.5,2025-04-16,refunded
ORD-0296,CUST-091,PROD-041,7,148.31,2025-11-22,refunded
ORD-0297,CUST-003,PROD-021,3,401.65,2025-11-09,refunded
ORD-0298,CUST-089,PROD-024,2,221.17,2025-07-06,completed
ORD-0299,CUST-032,PROD-028,10,203.22,2025-11-22,completed
ORD-0300,CUST-051,PROD-020,6,114.68,2025-07-02,cancelled
ORD-0301,CUST-010,PROD-033,2,267.65,2025-04-10,cancelled
ORD-0302,CUST-100,PROD-023,6,365.05,2025-05-05,cancelled
ORD-0303,CUST-031,PROD-007,3,131.7,2026-01-07,cancelled
ORD-0304,CUST-078,PROD-010,2,92.69,2025-12-09,refunded
ORD-0305,CUST-060,PROD-049,10,381.14,2025-04-30,refunded
ORD-0306,CUST-088,PROD-037,10,164.99,2025-07-05,pending
ORD-0307,CUST-020,PROD-029,2,237.12,2025-05-04,pending
ORD-0308,CUST-036,PROD-038,1,179.21,2026-03-25,completed
ORD-0309,CUST-040,PROD-030,8,23.62,2025-04-20,pending
ORD-0310,CUST-037,PROD-005,2,309.43,2026-03-07,refunded
ORD-0311,CUST-060,PROD-038,9,477.34,2025-08-14,completed
ORD-0312,CUST-058,PROD-037,4,164.16,2025-05-05,refunded
ORD-0313,CUST-065,PROD-010,1,228.01,2025-10-24,pending
ORD-0314,CUST-092,PROD-006,9,324.83,2025-07-09,completed
ORD-0315,CUST-032,PROD-046,8,495.54,2025-07-25,cancelled
ORD-0316,CUST-047,PROD-024,5,196.77,2025-12-23,pending
ORD-0317,CUST-087,PROD-039,1,395.67,2025-10-13,pending
ORD-0318,CUST-009,PROD-022,2,281.19,2025-06-30,refunded
ORD-0319,CUST-037,PROD-017,10,437.27,2025-11-03,pending
ORD-0320,CUST-011,PROD-038,3,458.79,2025-05-29,pending
ORD-0321,CUST-084,PROD-045,7,68.83,2026-01-13,completed
ORD-0322,CUST-040,PROD-036,7,323.53,2026-04-06,pending
ORD-0323,CUST-017,PROD-043,9,51.26,2026-03-16,refunded
ORD-0324,CUST-066,PROD-024,1,184.49,2025-11-15,cancelled
ORD-0325,CUST-028,PROD-022,8,100.04,2025-11-17,cancelled
ORD-0326,CUST-020,PROD-005,5,422.99,2025-10-08,completed
ORD-0327,CUST-065,PROD-050,9,418.38,2025-07-11,completed
ORD-0328,CUST-085,PROD-022,10,69.87,2026-02-06,refunded
ORD-0329,CUST-020,PROD-011,3,416.52,2025-10-08,cancelled
ORD-0330,CUST-093,PROD-029,1,208.38,2026-02-15,cancelled
ORD-0331,CUST-057,PROD-040,5,377.43,2025-09-13,refunded
ORD-0332,CUST-030,PROD-035,4,158.19,2025-06-20,refunded
ORD-0333,CUST-025,PROD-024,10,492.3,2025-05-14,refunded
ORD-0334,CUST-099,PROD-019,7,253.94,2025-05-15,refunded
ORD-0335,CUST-021,PROD-013,10,73.51,2025-12-19,pending
ORD-0336,CUST-007,PROD-042,8,437.69,2025-09-22,completed
ORD-0337,CUST-092,PROD-034,2,146.11,2025-08-23,cancelled
ORD-0338,CUST-035,PROD-029,9,77.94,2025-09-19,refunded
ORD-0339,CUST-012,PROD-015,8,442.89,2025-09-14,completed
ORD-0340,CUST-054,PROD-004,7,253.49,2025-10-06,cancelled
ORD-0341,CUST-050,PROD-006,6,116.15,2026-03-09,pending
ORD-0342,CUST-013,PROD-046,6,396.73,2026-01-16,cancelled
ORD-0343,CUST-005,PROD-019,8,349.56,2025-04-29,cancelled
ORD-0344,CUST-098,PROD-046,8,227.06,2025-12-25,completed
ORD-0345,CUST-011,PROD-002,5,111.75,2025-12-17,cancelled
ORD-0346,CUST-071,PROD-047,10,266.25,2025-12-14,completed
ORD-0347,CUST-100,PROD-019,4,154.07,2025-05-16,completed
ORD-0348,CUST-031,PROD-027,10,231.27,2025-05-01,completed
ORD-0349,CUST-064,PROD-039,9,13.14,2025-09-11,cancelled
ORD-0350,CUST-092,PROD-010,5,217.47,2026-01-15,pending
ORD-0351,CUST-031,PROD-037,7,97.72,2025-08-17,completed
ORD-0352,CUST-068,PROD-024,2,476.93,2026-02-12,completed
ORD-0353,CUST-050,PROD-031,1,319.66,2026-03-08,pending
ORD-0354,CUST-033,PROD-048,1,181.76,2025-05-20,completed
ORD-0355,CUST-045,PROD-016,2,386.89,2025-07-13,pending
ORD-0356,CUST-018,PROD-003,6,275.28,2025-06-21,cancelled
ORD-0357,CUST-100,PROD-044,8,490.51,2025-06-20,refunded
ORD-0358,CUST-081,PROD-012,3,36.23,2025-11-02,refunded
ORD-0359,CUST-005,PROD-019,4,26.68,2025-09-29,cancelled
ORD-0360,CUST-006,PROD-021,5,260.11,2025-06-01,refunded
ORD-0361,CUST-033,PROD-003,4,146.62,2025-09-18,completed
ORD-0362,CUST-084,PROD-022,5,-99.0,2025-06-18,pending
ORD-0363,CUST-056,PROD-026,8,447.85,2025-07-25,refunded
ORD-0364,CUST-044,PROD-012,8,347.57,2025-10-04,pending
ORD-0365,CUST-067,PROD-018,2,364.91,2025-07-14,completed
ORD-0366,CUST-056,PROD-039,3,275.01,2026-03-13,pending
ORD-0367,CUST-014,PROD-006,6,332.16,2026-04-01,pending
ORD-0368,CUST-058,PROD-039,7,87.49,2025-05-07,refunded
,CUST-045,PROD-029,1,364.77,2025-09-27,pending
ORD-0370,CUST-079,PROD-028,5,321.54,2026-02-15,completed
ORD-0371,CUST-010,PROD-043,7,184.84,2026-03-08,cancelled
ORD-0372,CUST-004,PROD-010,10,340.65,2026-03-06,refunded
ORD-0373,CUST-005,PROD-009,2,121.82,2025-11-07,pending
ORD-0374,CUST-047,PROD-025,10,21.03,2025-05-16,cancelled
ORD-0375,CUST-087,PROD-029,6,189.15,2025-04-27,completed
ORD-0376,CUST-074,PROD-009,9,186.64,2025-12-17,pending
ORD-0377,CUST-084,PROD-018,4,480.46,2025-11-03,completed
ORD-0378,CUST-095,PROD-012,8,261.28,2026-02-26,completed
ORD-0379,CUST-034,PROD-050,5,353.5,2025-04-13,cancelled
ORD-0380,CUST-079,PROD-019,8,104.09,2025-05-14,cancelled
ORD-0381,CUST-010,PROD-029,3,449.85,2026-04-02,refunded
ORD-0382,CUST-012,PROD-044,6,335.58,2026-01-25,completed
ORD-0383,CUST-071,PROD-035,5,446.21,2026-03-03,cancelled
ORD-0384,CUST-092,PROD-046,3,397.88,2025-07-08,cancelled
ORD-0385,CUST-016,PROD-013,3,122.18,2025-06-11,refunded
ORD-0386,CUST-004,PROD-024,9,288.28,2025-09-12,refunded
ORD-0387,CUST-071,PROD-009,10,442.7,2025-10-13,completed
ORD-0388,CUST-040,PROD-026,8,265.22,2025-10-11,refunded
ORD-0389,CUST-074,PROD-005,3,486.33,2025-06-30,completed
ORD-0390,CUST-058,PROD-030,9,175.53,2026-03-09,cancelled
ORD-0391,CUST-099,PROD-009,7,253.92,2025-09-10,completed
ORD-0392,CUST-016,PROD-034,3,155.54,2026-03-24,cancelled
ORD-0393,CUST-042,PROD-046,4,176.28,2025-04-30,pending
ORD-0394,CUST-011,PROD-017,4,319.35,2025-06-10,pending
ORD-0395,CUST-017,PROD-041,5,309.14,2025-09-02,completed
ORD-0396,CUST-065,PROD-042,3,297.95,2025-04-08,cancelled
ORD-0397,CUST-022,PROD-043,10,361.71,2025-09-06,pending
ORD-0398,CUST-073,PROD-003,1,45.21,2025-07-19,pending
ORD-0399,CUST-084,PROD-014,10,211.21,2026-04-02,completed
ORD-0400,CUST-064,PROD-041,9,148.39,2026-02-06,pending
ORD-0401,CUST-062,PROD-016,7,152.23,2026-02-06,completed
ORD-0402,CUST-089,PROD-004,3,222.6,2025-10-01,refunded
ORD-0403,CUST-060,PROD-014,6,305.3,2025-07-27,pending
ORD-0404,CUST-092,PROD-021,6,487.81,2025-09-19,cancelled
ORD-0405,CUST-098,PROD-024,9,283.02,2026-01-03,pending
ORD-0406,CUST-031,PROD-030,2,137.4,2026-01-16,cancelled
ORD-0407,CUST-019,PROD-007,1,148.65,2026-02-06,refunded
ORD-0408,CUST-079,PROD-027,4,481.53,2025-11-09,cancelled
ORD-0409,CUST-042,PROD-037,6,98.97,2025-12-21,cancelled
ORD-0410,CUST-064,PROD-033,8,-99.0,2026-01-12,pending
ORD-0411,CUST-064,PROD-002,2,472.89,2025-10-14,refunded
ORD-0412,CUST-031,PROD-014,10,179.68,2025-06-07,completed
ORD-0413,CUST-037,PROD-032,10,441.76,2025-06-20,refunded
ORD-0414,CUST-037,PROD-035,1,424.35,2025-08-01,refunded
ORD-0415,CUST-018,PROD-017,6,383.11,2025-07-01,pending
ORD-0416,CUST-006,PROD-026,1,287.29,2025-04-30,cancelled
ORD-0417,CUST-047,PROD-036,5,41.4,2025-11-18,refunded
ORD-0418,CUST-098,PROD-036,5,413.53,2026-01-18,completed
ORD-0419,CUST-017,PROD-007,7,189.73,2025-11-04,pending
ORD-0420,CUST-072,PROD-024,3,103.53,2025-05-01,refunded
ORD-0421,CUST-065,PROD-003,1,24.26,2026-01-23,pending
ORD-0422,CUST-061,PROD-034,8,78.73,2025-08-07,cancelled
ORD-0423,CUST-042,PROD-040,6,85.44,2025-04-30,pending
ORD-0424,CUST-076,PROD-022,9,415.0,2025-04-27,refunded
ORD-0425,CUST-091,PROD-037,5,240.07,2025-11-20,completed
ORD-0426,CUST-048,PROD-022,2,490.05,2025-10-10,pending
ORD-0427,CUST-093,PROD-045,1,300.47,2025-10-20,pending
ORD-0428,CUST-084,PROD-050,10,290.93,2026-03-31,completed
ORD-0429,CUST-075,PROD-031,3,264.5,2026-03-05,refunded
ORD-0430,CUST-019,PROD-044,4,20.63,2025-10-31,completed
ORD-0431,CUST-025,PROD-002,8,160.28,2025-06-08,cancelled
ORD-0432,CUST-053,PROD-045,4,208.14,2025-04-30,refunded
ORD-0433,CUST-095,PROD-047,1,354.36,2025-10-22,cancelled
ORD-0434,CUST-072,PROD-021,8,265.11,2025-05-09,pending
ORD-0435,CUST-023,PROD-030,9,174.45,2026-03-04,pending
ORD-0436,CUST-087,PROD-050,5,306.99,2025-06-19,cancelled
ORD-0437,CUST-032,PROD-018,9,152.76,2025-05-04,pending
ORD-0438,CUST-099,PROD-019,4,346.67,2025-11-25,refunded
ORD-0439,CUST-041,PROD-031,6,282.44,2025-05-04,pending
ORD-0440,CUST-037,PROD-008,10,339.93,2025-12-26,refunded
ORD-0441,CUST-051,PROD-023,3,148.77,2026-03-08,pending
ORD-0442,CUST-092,PROD-006,6,462.38,2025-07-08,pending
ORD-0443,CUST-096,PROD-031,4,105.02,2025-09-11,pending
ORD-0444,CUST-072,PROD-045,5,72.95,2025-05-24,cancelled
ORD-0445,CUST-032,PROD-004,9,116.71,2026-04-08,cancelled
ORD-0446,CUST-007,PROD-007,7,168.5,2026-03-19,refunded
ORD-0447,CUST-013,PROD-044,3,7.56,2025-11-15,cancelled
ORD-0448,CUST-053,PROD-042,8,241.34,2025-07-12,cancelled
ORD-0449,CUST-097,PROD-019,6,146.28,2025-11-18,completed
ORD-0450,CUST-099,PROD-006,10,119.95,2025-11-24,completed
ORD-0451,CUST-023,PROD-027,3,467.29,2025-04-23,completed
ORD-0452,CUST-051,PROD-032,3,468.62,2025-12-04,pending
ORD-0453,CUST-005,PROD-001,5,286.14,2025-05-09,completed
ORD-0454,CUST-043,PROD-019,8,494.6,2025-09-17,refunded
ORD-0455,CUST-018,PROD-033,8,140.05,2025-12-19,completed
ORD-0456,CUST-043,PROD-011,8,325.9,2025-11-20,cancelled
ORD-0457,CUST-002,PROD-048,6,396.43,2025-11-13,cancelled
ORD-0458,CUST-023,PROD-040,7,414.36,2025-10-28,pending
ORD-0459,CUST-012,PROD-026,2,96.47,2025-08-08,cancelled
ORD-0460,CUST-062,PROD-021,4,8.38,2026-04-06,refunded
ORD-0461,CUST-031,PROD-029,5,477.25,2025-07-18,pending
ORD-0462,CUST-075,PROD-047,10,10.66,2025-06-26,pending
ORD-0463,CUST-089,PROD-016,1,335.55,2025-12-24,refunded
ORD-0464,CUST-040,PROD-011,7,344.61,2026-01-11,pending
ORD-0465,CUST-089,PROD-008,5,186.93,2025-08-08,cancelled
ORD-0466,CUST-029,PROD-009,8,80.83,2025-07-09,pending
ORD-0467,CUST-054,PROD-045,9,456.83,2025-07-20,cancelled
ORD-0468,CUST-098,PROD-016,10,437.2,2025-09-08,completed
ORD-0469,CUST-068,PROD-029,9,353.36,2025-05-28,completed
ORD-0470,CUST-073,PROD-008,1,415.24,2025-12-24,cancelled
ORD-0471,CUST-074,PROD-035,3,86.45,2025-12-14,refunded
ORD-0472,CUST-015,PROD-044,4,359.87,2025-08-02,refunded
ORD-0473,CUST-012,PROD-033,8,405.3,2025-10-02,refunded
ORD-0474,CUST-017,PROD-033,7,231.12,2025-08-08,completed
ORD-0475,CUST-072,PROD-030,5,363.02,2026-04-03,refunded
ORD-0476,CUST-033,PROD-001,4,291.26,2026-01-24,completed
ORD-0477,CUST-055,PROD-023,2,272.88,2026-04-06,completed
ORD-0478,CUST-009,PROD-031,1,147.11,2025-05-06,cancelled
ORD-0479,CUST-099,PROD-009,7,190.36,2025-04-11,refunded
ORD-0480,CUST-058,PROD-025,7,44.72,2025-10-02,cancelled
ORD-0481,CUST-084,PROD-023,2,93.34,2025-12-05,refunded
ORD-0482,CUST-068,PROD-009,4,418.24,2025-11-12,completed
ORD-0483,CUST-039,PROD-030,9,214.94,2025-05-16,refunded
ORD-0484,CUST-030,PROD-016,8,176.35,2025-05-06,pending
ORD-0485,CUST-025,PROD-047,2,20.95,2025-11-02,refunded
ORD-0486,CUST-079,PROD-050,1,124.13,2025-06-29,completed
ORD-0487,CUST-013,PROD-039,1,225.99,2025-10-21,completed
ORD-0488,CUST-032,PROD-048,1,204.12,2025-07-19,cancelled
ORD-0489,CUST-070,PROD-014,1,74.37,2025-05-29,pending
ORD-0490,CUST-030,PROD-047,10,162.86,2026-04-05,pending
ORD-0491,CUST-031,PROD-020,3,492.92,2025-08-21,cancelled
ORD-0492,CUST-053,PROD-020,5,35.17,2026-03-16,cancelled
ORD-0493,CUST-081,PROD-044,7,280.15,2025-05-04,completed
ORD-0494,CUST-045,PROD-042,7,393.97,2026-03-15,pending
ORD-0495,CUST-090,PROD-027,7,78.86,2025-07-11,refunded
ORD-0496,CUST-024,PROD-049,9,239.39,2025-08-29,cancelled
ORD-0497,CUST-039,PROD-046,3,403.86,2025-07-27,completed
ORD-0498,CUST-072,PROD-027,7,280.86,2025-06-08,cancelled
ORD-0499,CUST-050,PROD-016,5,105.65,2025-09-25,completed
ORD-0500,CUST-058,PROD-024,2,270.14,2026-02-25,cancelled
ORD-0501,CUST-007,PROD-018,7,338.47,2025-11-04,completed
ORD-0502,CUST-010,PROD-013,10,363.53,2026-01-06,cancelled
ORD-0503,CUST-062,PROD-014,6,155.08,2025-08-03,completed
ORD-0504,CUST-028,PROD-013,2,374.71,2025-12-01,refunded
ORD-0505,CUST-032,PROD-045,10,353.37,2026-02-15,refunded
ORD-0506,CUST-031,PROD-036,6,388.88,2025-12-17,refunded
ORD-0507,CUST-060,PROD-035,6,157.67,2025-10-30,pending
ORD-0508,CUST-066,PROD-032,8,53.81,2025-04-11,refunded
ORD-0509,CUST-098,PROD-021,4,188.5,2025-12-23,refunded
ORD-0510,CUST-006,PROD-037,4,371.92,2026-02-19,completed
ORD-0511,CUST-034,PROD-036,10,291.68,2025-11-09,refunded
ORD-0512,CUST-038,PROD-010,4,168.28,2025-08-02,refunded
ORD-0513,CUST-073,PROD-016,8,277.57,2026-04-04,pending
ORD-0514,CUST-033,PROD-049,8,483.42,2025-12-21,refunded
ORD-0515,CUST-059,PROD-011,6,88.79,2025-05-18,refunded
ORD-0516,CUST-024,PROD-035,1,264.35,2026-04-07,completed
ORD-0517,CUST-086,PROD-004,1,209.13,2026-03-15,cancelled
ORD-0518,CUST-009,PROD-046,3,9.53,2025-05-30,refunded
ORD-0519,CUST-048,PROD-004,10,320.68,2025-07-19,refunded
ORD-0520,CUST-085,PROD-032,1,8.27,2025-05-22,refunded
ORD-0521,CUST-002,PROD-002,9,362.49,2026-03-19,pending
ORD-0522,CUST-003,PROD-033,7,404.05,2025-05-19,cancelled
ORD-0523,CUST-014,PROD-007,9,78.7,2026-01-21,cancelled
ORD-0524,CUST-080,PROD-034,5,408.53,2025-11-08,pending
ORD-0525,CUST-051,PROD-006,6,479.85,2025-06-07,refunded
ORD-0526,CUST-073,PROD-016,4,153.49,2025-07-22,completed
ORD-0527,CUST-084,PROD-042,1,51.28,2025-07-26,refunded
ORD-0528,CUST-049,PROD-036,8,32.78,2025-11-28,completed
ORD-0529,CUST-090,PROD-011,2,252.43,2025-06-28,refunded
ORD-0530,CUST-083,PROD-022,10,488.78,2026-01-11,completed
ORD-0531,CUST-068,PROD-003,4,109.65,2025-08-19,refunded
ORD-0532,CUST-035,PROD-003,2,343.79,2025-06-26,pending
ORD-0533,CUST-070,PROD-037,1,93.78,2025-12-30,pending
ORD-0534,CUST-003,PROD-014,10,76.37,2025-12-10,refunded
ORD-0535,CUST-010,PROD-020,3,284.16,2026-03-05,refunded
ORD-0536,CUST-087,PROD-035,6,195.0,2025-07-19,cancelled
ORD-0537,CUST-089,PROD-047,2,252.89,2025-10-21,pending
ORD-0538,CUST-007,PROD-007,7,119.91,2025-10-14,completed
ORD-0539,CUST-044,PROD-039,10,477.65,2025-07-14,refunded
ORD-0540,CUST-100,PROD-021,1,318.89,2026-03-25,refunded
ORD-0541,CUST-063,PROD-015,6,278.75,2026-03-26,refunded
ORD-0542,CUST-056,PROD-012,10,332.03,2026-03-02,completed
ORD-0543,CUST-099,PROD-040,5,400.04,2025-04-27,completed
ORD-0544,CUST-011,PROD-018,3,193.1,2025-05-13,cancelled
ORD-0545,CUST-095,PROD-025,6,183.55,2025-12-10,completed
ORD-0546,CUST-001,PROD-020,8,183.16,2025-09-19,pending
ORD-0547,CUST-014,PROD-009,2,97.76,2026-02-24,refunded
ORD-0548,CUST-072,PROD-036,9,206.98,2025-07-24,completed
ORD-0549,CUST-012,PROD-023,9,51.07,2025-04-25,pending
ORD-0550,CUST-050,PROD-001,5,209.84,2025-04-09,completed
ORD-0551,CUST-093,PROD-036,4,288.12,2025-08-15,cancelled
ORD-0552,CUST-088,PROD-025,3,73.73,2026-02-01,pending
ORD-0553,CUST-035,PROD-032,3,36.32,2025-05-28,refunded
ORD-0554,CUST-036,PROD-027,5,244.69,2025-12-11,completed
ORD-0555,CUST-047,PROD-017,4,361.85,2025-07-18,refunded
ORD-0556,CUST-077,PROD-040,4,231.64,2025-06-09,cancelled
ORD-0557,CUST-039,PROD-001,7,169.45,2026-01-20,refunded
ORD-0558,CUST-043,PROD-029,6,218.16,2025-09-26,cancelled
ORD-0559,CUST-039,PROD-021,10,473.9,2025-11-08,cancelled
ORD-0560,CUST-062,PROD-021,3,482.46,2026-01-07,pending
ORD-0561,CUST-038,PROD-048,8,484.04,2025-09-21,cancelled
ORD-0562,CUST-042,PROD-025,5,409.16,2025-11-11,refunded
ORD-0563,CUST-047,PROD-008,10,103.9,2025-04-11,cancelled
ORD-0564,CUST-088,PROD-050,9,18.32,2025-05-21,refunded
ORD-0565,CUST-091,PROD-014,8,399.85,2025-05-07,completed
ORD-0566,CUST-053,PROD-044,8,73.89,2026-03-16,pending
ORD-0567,CUST-031,PROD-017,3,359.04,2026-01-01,refunded
ORD-0568,CUST-010,PROD-029,10,242.22,2026-03-25,refunded
ORD-0569,CUST-069,PROD-033,7,274.1,2025-06-04,pending
ORD-0570,CUST-090,PROD-035,10,320.9,2025-11-05,completed
ORD-0571,CUST-014,PROD-050,4,330.51,2025-04-21,pending
ORD-0572,CUST-022,PROD-042,10,26.93,2026-02-26,refunded
ORD-0573,CUST-097,PROD-022,7,57.44,2025-08-29,completed
ORD-0574,CUST-034,PROD-015,9,374.69,2025-11-20,cancelled
ORD-0575,CUST-058,PROD-024,7,234.22,2025-11-08,cancelled
ORD-0576,CUST-045,PROD-002,8,56.75,2025-06-04,refunded
ORD-0577,CUST-011,PROD-008,3,177.42,2025-09-21,pending
ORD-0578,CUST-059,PROD-014,9,244.05,2025-05-27,refunded
ORD-0579,CUST-013,PROD-029,8,162.86,2025-04-24,pending
ORD-0580,CUST-006,PROD-046,2,16.18,2025-08-05,pending
ORD-0581,CUST-083,PROD-007,3,465.31,2025-08-27,cancelled
ORD-0582,CUST-067,PROD-012,9,84.27,2026-03-23,refunded
ORD-0583,CUST-060,PROD-015,7,316.73,2026-04-05,cancelled
ORD-0584,CUST-082,PROD-043,7,200.81,2026-02-11,cancelled
ORD-0585,CUST-058,PROD-038,7,197.47,2026-03-08,cancelled
ORD-0586,CUST-027,PROD-018,2,290.79,2025-04-23,cancelled
ORD-0587,CUST-047,PROD-021,4,231.49,2026-03-23,pending
ORD-0588,CUST-086,PROD-032,9,483.13,2025-08-24,pending
ORD-0589,CUST-077,PROD-025,10,199.31,2025-06-28,completed
ORD-0590,CUST-045,PROD-023,8,310.59,2025-12-28,pending
ORD-0591,CUST-079,PROD-038,2,337.69,2025-07-13,pending
ORD-0592,CUST-016,PROD-016,5,62.89,2025-12-23,pending
ORD-0593,CUST-089,PROD-010,9,197.29,2025-05-17,cancelled
ORD-0594,CUST-074,PROD-025,7,96.95,2025-08-23,cancelled
ORD-0595,CUST-072,PROD-011,8,147.97,2026-02-04,cancelled
ORD-0596,CUST-041,PROD-029,10,31.54,2025-11-11,pending
ORD-0597,CUST-002,PROD-032,3,101.59,2026-03-17,refunded
ORD-0598,CUST-072,PROD-033,8,207.52,2026-03-13,refunded
ORD-0599,CUST-054,PROD-046,8,246.91,2025-09-12,completed
ORD-0600,CUST-073,PROD-002,4,149.58,2025-12-05,pending
ORD-0601,CUST-029,PROD-035,5,88.26,2026-01-24,refunded
ORD-0602,CUST-073,PROD-048,8,277.11,2025-06-07,completed
ORD-0603,CUST-074,PROD-008,5,388.68,2026-04-02,pending
ORD-0604,CUST-070,PROD-049,1,381.2,2026-04-04,refunded
ORD-0605,CUST-070,PROD-014,7,55.7,2025-07-08,cancelled
ORD-0606,CUST-039,PROD-003,8,135.09,2026-03-09,completed
ORD-0607,CUST-057,PROD-008,4,108.89,2025-06-10,pending
ORD-0608,CUST-091,PROD-040,7,87.16,2026-02-12,cancelled
ORD-0609,CUST-027,PROD-014,1,287.19,2026-02-16,pending
ORD-0610,CUST-077,PROD-035,3,165.21,2025-06-15,pending
ORD-0611,CUST-038,PROD-037,5,476.44,2026-03-16,completed
ORD-0612,CUST-018,PROD-049,7,459.79,2025-09-15,pending
ORD-0613,CUST-084,PROD-009,3,128.59,2025-04-17,pending
ORD-0614,CUST-032,PROD-049,7,247.28,2025-06-16,pending
ORD-0615,CUST-081,PROD-027,7,228.74,2026-01-19,completed
ORD-0616,CUST-052,PROD-033,5,348.88,2026-04-02,pending
ORD-0617,CUST-059,PROD-032,6,293.07,2025-08-15,completed
ORD-0618,CUST-094,PROD-030,6,425.8,2026-02-05,refunded
ORD-0619,CUST-028,PROD-028,4,249.88,2026-04-04,pending
ORD-0620,CUST-037,PROD-022,9,291.08,2025-09-14,refunded
ORD-0621,CUST-044,PROD-044,1,27.74,2026-02-13,refunded
ORD-0622,CUST-003,PROD-008,3,223.44,2025-12-24,completed
ORD-0623,CUST-055,PROD-013,3,441.66,2026-03-09,pending
ORD-0624,CUST-021,PROD-018,2,329.02,2026-01-18,pending
ORD-0625,CUST-011,PROD-024,3,30.63,2026-02-16,pending
ORD-0626,CUST-093,PROD-045,4,217.47,2025-07-13,completed
ORD-0627,CUST-091,PROD-007,1,110.64,2025-07-20,completed
ORD-0628,CUST-017,PROD-038,4,262.12,2025-06-08,refunded
ORD-0629,CUST-002,PROD-001,6,409.47,2026-02-07,refunded
,CUST-089,PROD-009,8,40.06,2026-01-05,refunded
ORD-0631,CUST-012,PROD-047,2,56.08,2025-05-19,pending
ORD-0632,CUST-039,PROD-009,7,387.86,2025-09-03,cancelled
ORD-0633,CUST-083,PROD-044,3,38.86,2026-03-12,completed
ORD-0634,CUST-079,PROD-042,3,222.85,2025-04-23,cancelled
ORD-0635,CUST-081,PROD-048,3,460.35,2026-03-07,refunded
ORD-0636,CUST-028,PROD-006,2,74.31,2025-10-07,completed
ORD-0637,CUST-076,PROD-047,7,179.01,2025-07-03,refunded
ORD-0638,CUST-041,PROD-009,4,142.1,2025-06-24,completed
ORD-0639,CUST-032,PROD-036,10,302.0,2026-02-19,pending
ORD-0640,CUST-100,PROD-045,1,424.71,2026-03-30,pending
ORD-0641,CUST-027,PROD-034,10,257.21,2025-10-03,refunded
ORD-0642,CUST-038,PROD-042,1,392.98,2025-08-21,cancelled
ORD-0643,CUST-064,PROD-025,2,124.34,2025-08-04,completed
ORD-0644,CUST-068,PROD-001,6,467.29,2026-02-20,cancelled
ORD-0645,CUST-050,PROD-037,7,185.88,2026-02-10,cancelled
ORD-0646,CUST-098,PROD-031,2,13.26,2026-03-12,completed
ORD-0647,CUST-002,PROD-017,4,24.71,2025-07-05,completed
ORD-0648,CUST-051,PROD-033,5,316.14,2025-07-03,refunded
ORD-0649,CUST-055,PROD-045,7,45.8,2025-04-17,cancelled
ORD-0650,CUST-036,PROD-006,5,44.12,2025-12-20,cancelled
ORD-0651,CUST-020,PROD-035,6,198.41,2025-06-22,completed
ORD-0652,CUST-040,PROD-045,7,366.33,2025-09-09,cancelled
ORD-0653,CUST-008,PROD-016,2,462.69,2025-08-13,completed
ORD-0654,CUST-059,PROD-040,10,32.24,2025-07-25,cancelled
ORD-0655,CUST-016,PROD-001,3,352.24,2026-03-09,cancelled
ORD-0656,CUST-064,PROD-023,9,261.03,2025-05-04,pending
ORD-0657,CUST-022,PROD-024,3,376.14,2026-02-02,pending
ORD-0658,CUST-094,PROD-008,1,170.83,2025-07-25,refunded
ORD-0659,CUST-035,PROD-034,2,135.16,2025-08-22,completed
ORD-0660,CUST-064,PROD-030,9,183.26,2025-12-13,refunded
ORD-0661,CUST-073,PROD-011,6,82.87,2025-10-22,completed
ORD-0662,CUST-074,PROD-044,2,118.06,2025-09-10,completed
ORD-0663,CUST-006,PROD-001,4,27.76,2025-12-27,pending
ORD-0664,CUST-050,PROD-010,3,465.92,2026-03-01,completed
ORD-0665,CUST-071,PROD-046,7,116.14,2025-11-02,cancelled
ORD-0666,CUST-054,PROD-047,6,139.27,2025-08-14,completed
ORD-0667,CUST-074,PROD-024,2,253.51,2026-04-07,completed
ORD-0668,CUST-023,PROD-015,9,490.8,2025-04-18,refunded
ORD-0669,CUST-009,PROD-030,5,387.9,2025-05-22,pending
ORD-0670,CUST-042,PROD-006,9,231.09,2026-03-14,pending
,CUST-026,PROD-019,10,393.33,2025-07-18,cancelled
ORD-0672,CUST-060,PROD-024,10,486.07,2025-06-16,cancelled
ORD-0673,CUST-094,PROD-035,4,79.53,2025-11-19,refunded
ORD-0674,CUST-004,PROD-015,9,176.48,2025-07-20,completed
ORD-0675,CUST-043,PROD-001,7,425.26,2025-04-22,pending
ORD-0676,CUST-014,PROD-014,9,491.64,2025-05-20,refunded
ORD-0677,CUST-063,PROD-004,3,357.27,2025-11-25,completed
ORD-0678,CUST-006,PROD-015,9,209.46,2025-09-23,pending
ORD-0679,CUST-059,PROD-048,2,292.48,2025-08-20,cancelled
ORD-0680,CUST-082,PROD-026,2,297.99,2026-01-15,completed
ORD-0681,CUST-056,PROD-043,3,122.2,2026-02-07,pending
ORD-0682,CUST-041,PROD-026,6,162.44,2025-08-07,pending
ORD-0683,CUST-030,PROD-005,4,72.38,2025-09-24,completed
ORD-0684,CUST-020,PROD-007,3,227.54,2025-11-29,pending
ORD-0685,CUST-053,PROD-008,9,182.35,2025-10-23,cancelled
ORD-0686,CUST-058,PROD-020,8,136.18,2025-05-22,completed
ORD-0687,CUST-012,PROD-011,5,414.06,2025-09-04,completed
ORD-0688,CUST-028,PROD-021,3,50.15,2026-03-23,cancelled
ORD-0689,CUST-046,PROD-026,9,29.23,2025-11-17,pending
ORD-0690,CUST-034,PROD-012,1,476.29,2025-06-20,refunded
,CUST-072,PROD-048,9,128.68,2025-07-15,refunded
ORD-0692,CUST-014,PROD-009,2,10.92,2025-04-25,cancelled
ORD-0693,CUST-017,PROD-013,7,189.26,2026-01-08,completed
ORD-0694,CUST-075,PROD-038,5,459.13,2025-09-24,completed
ORD-0695,CUST-003,PROD-005,4,451.74,2025-04-08,refunded
ORD-0696,CUST-017,PROD-006,6,65.65,2025-10-26,refunded
ORD-0697,CUST-007,PROD-011,10,219.41,2026-04-02,refunded
ORD-0698,CUST-064,PROD-002,7,343.19,2026-02-15,cancelled
ORD-0699,CUST-046,PROD-014,3,141.12,2025-11-03,refunded
ORD-0700,CUST-020,PROD-003,10,311.49,2025-12-30,cancelled
ORD-0701,CUST-083,PROD-019,8,208.94,2026-01-12,refunded
ORD-0702,CUST-008,PROD-006,5,194.59,2026-04-08,refunded
ORD-0703,CUST-026,PROD-042,9,128.33,2026-01-21,completed
ORD-0704,CUST-049,PROD-046,6,242.44,2026-01-19,refunded
ORD-0705,CUST-045,PROD-037,9,164.19,2025-12-24,pending
ORD-0706,CUST-024,PROD-002,6,300.57,2025-06-23,completed
ORD-0707,CUST-100,PROD-018,1,405.28,2025-08-27,refunded
ORD-0708,CUST-068,PROD-023,10,499.8,2025-09-22,cancelled
ORD-0709,CUST-013,PROD-016,4,136.93,2025-05-05,completed
ORD-0710,CUST-098,PROD-015,10,424.02,2025-12-21,refunded
ORD-0711,CUST-046,PROD-012,3,122.09,2026-03-31,pending
ORD-0712,CUST-095,PROD-045,6,457.42,2025-08-14,completed
ORD-0713,CUST-091,PROD-045,6,474.04,2025-12-06,cancelled
ORD-0714,CUST-073,PROD-013,8,273.35,2025-08-07,cancelled
ORD-0715,CUST-063,PROD-003,2,32.8,2025-12-21,cancelled
ORD-0716,CUST-003,PROD-034,8,5.34,2026-03-03,cancelled
ORD-0717,CUST-017,PROD-022,3,459.8,2025-05-26,pending
ORD-0718,CUST-008,PROD-002,3,295.37,2026-01-12,cancelled
ORD-0719,CUST-100,PROD-008,9,431.03,2026-03-23,completed
ORD-0720,CUST-048,PROD-046,7,295.08,2025-08-02,pending
ORD-0721,CUST-039,PROD-021,3,488.05,2025-10-21,refunded
ORD-0722,CUST-082,PROD-032,6,91.23,2025-08-06,pending
ORD-0723,CUST-029,PROD-043,10,408.15,2025-12-22,refunded
ORD-0724,CUST-040,PROD-047,5,68.04,2025-09-13,completed
ORD-0725,CUST-090,PROD-037,7,426.12,2025-08-12,completed
ORD-0726,CUST-024,PROD-039,6,460.91,2025-09-11,cancelled
ORD-0727,CUST-082,PROD-037,2,468.66,2026-01-03,cancelled
ORD-0728,CUST-043,PROD-048,2,122.81,2025-07-31,pending
ORD-0729,CUST-022,PROD-041,2,411.72,2025-11-09,pending
ORD-0730,CUST-058,PROD-001,5,108.79,2025-05-27,completed
ORD-0731,CUST-045,PROD-017,2,361.6,2025-06-21,completed
ORD-0732,CUST-050,PROD-029,7,484.71,2025-09-18,refunded
ORD-0733,CUST-064,PROD-025,6,275.28,2025-12-22,completed
ORD-0734,CUST-062,PROD-037,4,85.51,2026-04-08,completed
ORD-0735,CUST-005,PROD-019,1,162.76,2025-09-02,completed
ORD-0736,CUST-010,PROD-022,3,444.53,2025-12-27,cancelled
ORD-0737,CUST-094,PROD-005,9,471.21,2026-01-23,completed
ORD-0738,CUST-044,PROD-039,10,447.15,2026-03-24,completed
ORD-0739,CUST-056,PROD-042,3,305.62,2025-06-14,refunded
ORD-0740,CUST-021,PROD-004,2,168.89,2025-12-03,cancelled
ORD-0741,CUST-053,PROD-045,9,362.41,2025-11-15,pending
ORD-0742,CUST-085,PROD-019,5,122.59,2025-08-02,completed
ORD-0743,CUST-051,PROD-037,9,420.73,2025-09-12,cancelled
ORD-0744,CUST-007,PROD-024,1,216.66,2025-11-06,pending
ORD-0745,CUST-085,PROD-041,10,242.76,2026-02-25,completed
ORD-0746,CUST-004,PROD-014,3,320.9,2025-04-08,completed
ORD-0747,CUST-061,PROD-008,5,393.51,2025-08-04,refunded
ORD-0748,CUST-063,PROD-043,5,50.11,2025-07-28,refunded
ORD-0749,CUST-024,PROD-024,7,187.85,2025-06-28,refunded
ORD-0750,CUST-006,PROD-017,8,235.2,2025-09-21,cancelled
ORD-0751,CUST-035,PROD-037,1,79.81,2026-02-07,completed
ORD-0752,CUST-011,PROD-043,6,405.05,2025-11-19,refunded
ORD-0753,CUST-097,PROD-038,4,279.03,2025-11-29,refunded
ORD-0754,CUST-067,PROD-027,9,345.1,2025-12-18,refunded
ORD-0755,CUST-074,PROD-016,8,152.93,2025-08-11,refunded
ORD-0756,CUST-092,PROD-003,9,287.75,2025-10-05,cancelled
ORD-0757,CUST-016,PROD-049,8,90.58,2025-09-26,cancelled
ORD-0758,CUST-028,PROD-013,3,26.12,2025-09-26,completed
ORD-0759,CUST-088,PROD-028,4,498.65,2025-12-26,cancelled
ORD-0760,CUST-077,PROD-017,6,455.85,2025-06-29,completed
ORD-0761,CUST-012,PROD-025,9,201.69,2025-10-23,pending
ORD-0762,CUST-036,PROD-034,8,459.0,2025-10-08,completed
ORD-0763,CUST-090,PROD-040,10,263.67,2026-02-10,refunded
ORD-0764,CUST-015,PROD-027,3,78.36,2026-03-23,completed
ORD-0765,CUST-014,PROD-037,2,393.94,2026-02-11,pending
ORD-0766,CUST-053,PROD-017,7,329.12,2026-01-18,refunded
ORD-0767,CUST-005,PROD-012,5,204.47,2025-06-12,refunded
ORD-0768,CUST-005,PROD-026,6,346.8,2025-12-19,completed
ORD-0769,CUST-096,PROD-031,5,449.03,2025-05-10,completed
ORD-0770,CUST-044,PROD-020,5,143.77,2025-07-27,refunded
ORD-0771,CUST-090,PROD-044,2,486.39,2025-10-25,cancelled
ORD-0772,CUST-018,PROD-020,8,388.15,2025-12-21,pending
ORD-0773,CUST-035,PROD-047,7,304.46,2025-12-09,completed
ORD-0774,CUST-025,PROD-029,4,457.15,2025-12-04,refunded
ORD-0775,CUST-095,PROD-032,9,434.26,2025-08-16,completed
ORD-0776,CUST-066,PROD-011,2,159.01,2025-05-14,refunded
ORD-0777,CUST-018,PROD-050,9,440.27,2026-02-19,completed
ORD-0778,CUST-023,PROD-013,4,419.3,2026-01-24,cancelled
ORD-0779,CUST-005,PROD-030,1,459.43,2025-07-08,cancelled
ORD-0780,CUST-036,PROD-024,8,255.04,2025-12-25,completed
ORD-0781,CUST-088,PROD-002,4,189.37,2025-08-06,refunded
ORD-0782,CUST-023,PROD-031,10,277.91,2025-07-04,pending
ORD-0783,CUST-021,PROD-017,2,146.11,2026-02-15,refunded
ORD-0784,CUST-007,PROD-011,10,391.02,2025-06-24,cancelled
ORD-0785,CUST-029,PROD-042,4,340.46,2025-06-04,pending
ORD-0786,CUST-084,PROD-027,9,14.93,2025-04-17,completed
ORD-0787,CUST-061,PROD-009,3,302.57,2025-04-25,completed
ORD-0788,CUST-029,PROD-017,10,403.52,2025-07-12,pending
ORD-0789,CUST-092,PROD-046,5,214.78,2025-10-09,refunded
ORD-0790,CUST-045,PROD-030,5,113.01,2025-12-01,pending
ORD-0791,CUST-087,PROD-034,10,201.59,2026-03-04,completed
ORD-0792,CUST-001,PROD-033,6,282.92,2026-01-31,pending
ORD-0793,CUST-039,PROD-044,2,243.46,2025-05-06,pending
ORD-0794,CUST-036,PROD-041,6,431.44,2025-10-01,pending
ORD-0795,CUST-084,PROD-046,5,98.24,2025-09-15,cancelled
ORD-0796,CUST-008,PROD-039,7,331.96,2026-03-18,cancelled
ORD-0797,CUST-093,PROD-002,8,498.75,2025-12-08,pending
ORD-0798,CUST-054,PROD-026,7,369.68,2025-11-17,cancelled
ORD-0799,CUST-044,PROD-047,4,-99.0,2025-06-22,refunded
ORD-0800,CUST-086,PROD-023,9,153.6,2026-01-11,cancelled
ORD-0801,CUST-085,PROD-036,3,150.42,2026-01-03,refunded
ORD-0802,CUST-017,PROD-048,5,363.97,2025-09-04,cancelled
ORD-0803,CUST-088,PROD-022,2,115.02,2025-10-16,cancelled
ORD-0804,CUST-096,PROD-020,7,395.1,2025-09-10,pending
ORD-0805,CUST-048,PROD-017,10,150.56,2025-07-11,completed
ORD-0806,CUST-061,PROD-004,10,292.25,2025-06-04,completed
ORD-0807,CUST-061,PROD-013,9,64.31,2025-12-18,refunded
ORD-0808,CUST-068,PROD-020,7,31.76,2025-12-31,cancelled
ORD-0809,CUST-018,PROD-013,6,207.55,2025-04-10,refunded
ORD-0810,CUST-019,PROD-021,3,390.58,2026-03-20,refunded
ORD-0811,CUST-043,PROD-041,3,160.14,2026-01-24,completed
ORD-0812,CUST-001,PROD-029,5,108.64,2026-03-08,cancelled
ORD-0813,CUST-074,PROD-049,3,247.34,2026-02-01,completed
ORD-0814,CUST-017,PROD-040,7,318.58,2026-03-17,refunded
ORD-0815,CUST-055,PROD-031,7,7.31,2025-05-19,cancelled
ORD-0816,CUST-094,PROD-024,1,446.54,2026-02-04,cancelled
ORD-0817,CUST-003,PROD-044,1,315.21,2025-09-20,cancelled
ORD-0818,CUST-029,PROD-045,6,159.49,2025-07-01,completed
ORD-0819,CUST-050,PROD-033,10,156.53,2025-06-15,completed
ORD-0820,CUST-006,PROD-020,5,230.68,2026-02-14,pending
ORD-0821,CUST-056,PROD-044,3,174.65,2026-01-03,refunded
ORD-0822,CUST-046,PROD-049,4,86.62,2025-10-26,refunded
ORD-0823,CUST-003,PROD-015,4,364.95,2025-10-05,cancelled
ORD-0824,CUST-028,PROD-047,1,296.9,2025-04-27,cancelled
ORD-0825,CUST-016,PROD-024,1,190.72,2025-11-10,pending
ORD-0826,CUST-099,PROD-035,10,29.05,2025-07-13,completed
ORD-0827,CUST-085,PROD-007,1,28.88,2026-03-30,completed
ORD-0828,CUST-054,PROD-029,7,66.18,2026-03-03,pending
ORD-0829,CUST-061,PROD-045,3,106.72,2025-05-25,completed
ORD-0830,CUST-039,PROD-027,2,332.93,2025-10-02,pending
ORD-0831,CUST-080,PROD-039,3,212.32,2025-05-29,completed
ORD-0832,CUST-066,PROD-047,10,63.28,2026-02-13,completed
ORD-0833,CUST-014,PROD-032,4,306.46,2025-10-05,pending
ORD-0834,CUST-067,PROD-013,6,353.2,2025-12-23,pending
ORD-0835,CUST-021,PROD-003,9,250.7,2025-10-31,cancelled
ORD-0836,CUST-089,PROD-031,6,121.08,2025-11-11,completed
ORD-0837,CUST-086,PROD-006,2,418.44,2025-11-25,refunded
ORD-0838,CUST-020,PROD-006,9,42.15,2025-08-09,completed
ORD-0839,CUST-033,PROD-042,4,231.09,2026-01-26,pending
ORD-0840,CUST-034,PROD-030,1,54.41,2026-03-20,cancelled
ORD-0841,CUST-006,PROD-019,6,401.79,2025-09-26,pending
ORD-0842,CUST-055,PROD-048,2,52.02,2025-12-01,completed
ORD-0843,CUST-002,PROD-009,3,167.69,2026-02-18,refunded
ORD-0844,CUST-080,PROD-018,2,189.45,2026-01-12,pending
ORD-0845,CUST-024,PROD-008,7,203.12,2026-03-20,refunded
ORD-0846,CUST-035,PROD-025,8,400.95,2025-10-21,cancelled
ORD-0847,CUST-015,PROD-009,1,490.88,2025-09-20,cancelled
ORD-0848,CUST-014,PROD-027,10,243.92,2026-02-24,refunded
ORD-0849,CUST-024,PROD-040,7,390.69,2026-03-26,completed
ORD-0850,CUST-088,PROD-047,3,244.12,2025-11-06,refunded
ORD-0851,CUST-015,PROD-027,8,27.76,2025-09-28,pending
ORD-0852,CUST-084,PROD-021,1,353.76,2026-03-22,cancelled
ORD-0853,CUST-086,PROD-022,9,263.94,2025-06-08,completed
ORD-0854,CUST-056,PROD-043,4,243.56,2026-01-21,refunded
ORD-0855,CUST-020,PROD-036,10,32.01,2026-03-08,cancelled
ORD-0856,CUST-065,PROD-031,8,435.36,2025-10-09,completed
ORD-0857,CUST-097,PROD-032,6,124.24,2025-09-29,pending
ORD-0858,CUST-007,PROD-033,4,277.5,2025-07-17,refunded
ORD-0859,CUST-052,PROD-016,2,232.25,2026-01-24,refunded
ORD-0860,CUST-012,PROD-032,8,161.45,2025-07-13,refunded
ORD-0861,CUST-096,PROD-042,1,55.81,2026-02-28,refunded
ORD-0862,CUST-005,PROD-036,9,5.08,2025-12-11,completed
ORD-0863,CUST-078,PROD-040,5,445.6,2025-07-24,cancelled
ORD-0864,CUST-084,PROD-043,8,475.43,2026-01-30,pending
ORD-0865,CUST-007,PROD-015,8,169.33,2026-02-04,refunded
ORD-0866,CUST-092,PROD-043,6,359.38,2025-10-27,completed
ORD-0867,CUST-013,PROD-049,4,6.09,2025-10-13,pending
ORD-0868,CUST-082,PROD-019,9,263.38,2025-12-07,completed
ORD-0869,CUST-006,PROD-011,8,74.52,2025-07-09,refunded
ORD-0870,CUST-014,PROD-017,10,101.98,2025-07-23,completed
ORD-0871,CUST-051,PROD-014,8,413.15,2025-09-25,cancelled
ORD-0872,CUST-092,PROD-022,2,379.79,2025-05-08,completed
ORD-0873,CUST-082,PROD-044,10,65.99,2026-01-10,refunded
ORD-0874,CUST-059,PROD-043,10,478.31,2025-07-27,cancelled
ORD-0875,CUST-064,PROD-001,9,369.43,2025-07-08,refunded
ORD-0876,CUST-075,PROD-031,9,391.64,2025-07-22,cancelled
ORD-0877,CUST-089,PROD-038,3,366.59,2025-08-16,cancelled
ORD-0878,CUST-014,PROD-025,10,305.05,2025-08-10,pending
ORD-0879,CUST-065,PROD-025,7,489.85,2026-03-20,cancelled
ORD-0880,CUST-036,PROD-026,6,485.39,2025-11-03,refunded
ORD-0881,CUST-018,PROD-009,7,303.25,2025-05-09,pending
ORD-0882,CUST-090,PROD-036,6,357.38,2025-05-31,cancelled
ORD-0883,CUST-026,PROD-014,10,358.62,2025-06-05,pending
ORD-0884,CUST-087,PROD-009,3,254.43,2025-07-06,pending
ORD-0885,CUST-091,PROD-008,6,283.33,2025-09-03,refunded
ORD-0886,CUST-087,PROD-048,9,146.53,2026-01-02,refunded
ORD-0887,CUST-002,PROD-034,2,17.51,2025-06-06,cancelled
ORD-0888,CUST-007,PROD-043,1,103.95,2026-01-07,cancelled
ORD-0889,CUST-037,PROD-044,5,77.48,2025-06-30,completed
ORD-0890,CUST-089,PROD-019,4,378.03,2025-05-02,completed
ORD-0891,CUST-046,PROD-029,2,309.97,2025-09-16,cancelled
ORD-0892,CUST-096,PROD-042,9,197.5,2025-09-13,pending
ORD-0893,CUST-089,PROD-043,1,463.61,2025-08-14,refunded
ORD-0894,CUST-054,PROD-044,6,483.09,2025-11-04,completed
ORD-0895,CUST-002,PROD-048,5,105.53,2025-10-05,refunded
ORD-0896,CUST-029,PROD-041,6,378.78,2025-09-16,cancelled
ORD-0897,CUST-100,PROD-047,4,150.62,2025-05-02,cancelled
ORD-0898,CUST-088,PROD-005,3,481.43,2025-06-27,completed
ORD-0899,CUST-049,PROD-003,7,143.16,2026-02-25,pending
ORD-0900,CUST-017,PROD-011,10,423.78,2025-09-18,completed
ORD-0901,CUST-043,PROD-030,3,24.77,2025-09-06,pending
ORD-0902,CUST-077,PROD-004,10,422.35,2026-03-25,pending
ORD-0903,CUST-063,PROD-037,9,182.25,2026-01-31,pending
ORD-0904,CUST-068,PROD-015,3,262.7,2025-11-20,cancelled
ORD-0905,CUST-054,PROD-035,9,204.69,2026-01-03,pending
ORD-0906,CUST-029,PROD-014,6,168.88,2025-04-15,pending
ORD-0907,CUST-028,PROD-049,10,267.6,2026-03-06,completed
ORD-0908,CUST-015,PROD-043,6,225.61,2026-03-16,cancelled
ORD-0909,CUST-006,PROD-044,6,193.78,2026-01-30,completed
ORD-0910,CUST-050,PROD-017,9,363.37,2025-11-17,completed
ORD-0911,CUST-067,PROD-050,6,259.58,2025-09-02,refunded
ORD-0912,CUST-063,PROD-003,5,449.65,2025-10-10,cancelled
ORD-0913,CUST-042,PROD-033,2,474.36,2025-04-10,cancelled
ORD-0914,CUST-099,PROD-035,9,8.63,2025-08-22,completed
ORD-0915,CUST-027,PROD-043,4,433.15,2025-08-01,refunded
ORD-0916,CUST-014,PROD-014,9,415.23,2026-01-25,refunded
ORD-0917,CUST-083,PROD-005,3,16.76,2025-09-06,pending
ORD-0918,CUST-005,PROD-006,2,31.86,2026-03-05,pending
ORD-0919,CUST-072,PROD-005,10,411.7,2026-03-20,pending
ORD-0920,CUST-053,PROD-025,8,316.96,2026-02-26,refunded
ORD-0921,CUST-041,PROD-002,7,338.28,2025-09-17,completed
ORD-0922,CUST-083,PROD-047,10,36.3,2025-11-03,completed
ORD-0923,CUST-090,PROD-005,6,464.38,2026-01-23,completed
ORD-0924,CUST-038,PROD-044,5,305.25,2026-01-18,pending
ORD-0925,CUST-098,PROD-029,7,200.58,2025-11-06,completed
ORD-0926,CUST-061,PROD-011,9,113.83,2026-02-12,refunded
ORD-0927,CUST-070,PROD-019,3,152.54,2025-11-28,pending
ORD-0928,CUST-002,PROD-036,9,74.98,2026-03-22,completed
ORD-0929,CUST-001,PROD-037,10,200.07,2025-07-02,completed
ORD-0930,CUST-040,PROD-014,6,109.81,2025-10-14,cancelled
ORD-0931,CUST-021,PROD-012,4,310.36,2025-07-02,pending
ORD-0932,CUST-025,PROD-008,3,337.13,2025-07-22,completed
ORD-0933,CUST-097,PROD-036,8,324.11,2025-09-24,completed
ORD-0934,CUST-038,PROD-043,2,129.09,2025-10-13,cancelled
ORD-0935,CUST-093,PROD-038,8,476.01,2025-04-19,pending
ORD-0936,CUST-017,PROD-043,4,54.52,2025-09-06,completed
ORD-0937,CUST-025,PROD-021,8,228.07,2025-08-16,pending
ORD-0938,CUST-089,PROD-038,3,284.95,2025-12-23,pending
ORD-0939,CUST-041,PROD-028,3,7.39,2025-12-27,cancelled
ORD-0940,CUST-029,PROD-046,7,141.96,2026-02-11,pending
ORD-0941,CUST-018,PROD-044,6,439.55,2025-09-12,refunded
ORD-0942,CUST-058,PROD-023,5,246.05,2026-01-14,completed
ORD-0943,CUST-023,PROD-042,10,45.58,2025-06-11,pending
ORD-0944,CUST-018,PROD-035,4,135.3,2026-02-28,completed
ORD-0945,CUST-094,PROD-005,1,425.55,2025-10-06,completed
ORD-0946,CUST-075,PROD-038,7,385.75,2026-03-31,cancelled
ORD-0947,CUST-005,PROD-036,5,274.02,2025-05-27,refunded
ORD-0948,CUST-084,PROD-050,3,186.08,2025-12-05,cancelled
ORD-0949,CUST-099,PROD-038,5,71.27,2025-11-01,completed
ORD-0950,CUST-051,PROD-024,9,10.24,2025-04-18,cancelled
ORD-0951,CUST-079,PROD-044,3,379.82,2026-03-26,cancelled
ORD-0952,CUST-058,PROD-011,3,285.35,2025-09-08,cancelled
ORD-0953,CUST-095,PROD-047,8,469.89,2025-11-23,completed
ORD-0954,CUST-029,PROD-049,8,119.72,2025-11-13,pending
ORD-0955,CUST-048,PROD-015,1,335.95,2025-12-21,pending
ORD-0956,CUST-050,PROD-031,8,441.37,2025-04-18,completed
ORD-0957,CUST-084,PROD-021,2,353.35,2025-05-10,pending
ORD-0958,CUST-095,PROD-017,10,274.45,2025-12-13,cancelled
ORD-0959,CUST-049,PROD-042,7,185.82,2025-09-21,completed
ORD-0960,CUST-067,PROD-017,7,486.47,2025-05-30,cancelled
ORD-0961,CUST-067,PROD-026,6,409.53,2026-03-10,pending
ORD-0962,CUST-063,PROD-031,10,8.27,2025-10-04,cancelled
ORD-0963,CUST-057,PROD-011,4,43.16,2025-06-17,pending
ORD-0964,CUST-028,PROD-010,3,82.89,2025-04-27,completed
ORD-0965,CUST-085,PROD-015,7,406.53,2025-07-18,completed
ORD-0966,CUST-062,PROD-044,8,242.12,2025-09-02,cancelled
ORD-0967,CUST-083,PROD-027,1,125.62,2025-08-13,cancelled
ORD-0968,CUST-074,PROD-038,3,71.69,2025-06-29,completed
ORD-0969,CUST-074,PROD-010,1,87.34,2025-10-01,cancelled
ORD-0970,CUST-067,PROD-026,10,484.78,2025-08-12,completed
ORD-0971,CUST-093,PROD-047,5,473.89,2025-08-17,cancelled
ORD-0972,CUST-058,PROD-039,8,434.31,2026-01-28,cancelled
ORD-0973,CUST-029,PROD-027,10,75.64,2026-03-15,cancelled
ORD-0974,CUST-080,PROD-043,9,135.94,2025-09-02,pending
ORD-0975,CUST-059,PROD-039,10,39.08,2025-07-25,refunded
ORD-0976,CUST-050,PROD-009,2,13.2,2026-01-25,refunded
ORD-0977,CUST-020,PROD-039,2,92.82,2026-02-25,completed
ORD-0978,CUST-069,PROD-033,2,51.13,2025-09-18,cancelled
ORD-0979,CUST-078,PROD-035,1,449.0,2025-07-14,refunded
ORD-0980,CUST-067,PROD-027,6,438.04,2026-02-26,refunded
ORD-0981,CUST-030,PROD-031,7,178.51,2025-05-09,completed
ORD-0982,CUST-055,PROD-009,5,241.18,2025-10-07,cancelled
ORD-0983,CUST-011,PROD-019,10,439.0,2025-04-15,refunded
ORD-0984,CUST-033,PROD-013,1,356.03,2026-01-23,completed
ORD-0985,CUST-074,PROD-034,2,262.28,2025-11-03,refunded
ORD-0986,CUST-084,PROD-014,6,207.38,2025-04-28,completed
ORD-0987,CUST-020,PROD-028,10,130.55,2025-08-21,refunded
ORD-0988,CUST-073,PROD-024,10,141.4,2025-07-04,refunded
ORD-0989,CUST-097,PROD-014,7,278.29,2025-12-16,refunded
ORD-0990,CUST-023,PROD-024,9,279.68,2025-05-04,pending
ORD-0991,CUST-040,PROD-037,6,388.23,2026-02-05,refunded
ORD-0992,CUST-095,PROD-009,2,375.17,2025-12-17,refunded
ORD-0993,CUST-090,PROD-011,2,111.16,2025-04-23,refunded
ORD-0994,CUST-044,PROD-036,10,350.04,2026-01-25,completed
ORD-0995,CUST-021,PROD-025,1,403.16,2025-04-20,cancelled
ORD-0996,CUST-061,PROD-039,7,48.63,2025-07-13,pending
ORD-0997,CUST-029,PROD-024,2,306.47,2025-06-24,refunded
ORD-0998,CUST-052,PROD-040,9,146.8,2026-02-27,completed
ORD-0999,CUST-100,PROD-012,8,222.29,2025-04-15,cancelled
,CUST-085,PROD-034,5,101.4,2025-12-05,cancelled
